0;22;2010;0;0;5;0;0;0;0;0;1
0;25;2010;1;0;3;1;1;2;2;1;0
0;20;2010;1;0;2;3;0;0;3;0;0
0;24;2010;1;1;1;4;0;1;2;0;0
0;17;2010;1;0;5;0;0;0;0;0;1
0;27;2010;1;0;4;1;0;0;0;0;0
0;18;2010;1;0;5;0;0;0;0;0;1
0;21;2010;0;0;4;1;0;1;1;0;0
1;19;2010;0;0;4;0;1;0;1;1;0
0;20;2010;0;1;3;1;1;0;2;0;0
0;19;2010;1;0;3;1;1;0;2;1;1
0;21;2010;1;0;1;2;2;2;2;1;0
0;19;2010;1;0;5;0;0;0;0;0;1
0;50;2010;1;0;5;0;0;0;0;0;1
0;19;2010;1;0;3;1;1;0;2;0;0
0;18;2010;0;0;2;2;1;1;2;0;0
0;22;2010;1;0;1;3;1;2;3;0;0
0;19;2010;1;1;4;1;0;2;0;0;1
0;45;2010;1;0;3;2;0;1;3;1;0
0;20;2010;1;1;4;1;0;0;0;0;1
0;29;2010;1;1;5;0;0;0;0;0;1
0;26;2010;0;0;3;0;2;0;2;2;0
0;23;2010;0;0;5;0;0;0;0;0;1
0;24;2010;1;1;3;2;0;0;1;2;0
0;22;2010;1;1;3;2;0;2;1;0;0
0;21;2010;0;0;3;2;0;1;2;0;0
0;19;2010;0;0;3;2;0;2;0;0;1
0;22;2010;1;0;5;0;0;0;0;0;1
0;18;2010;1;0;4;1;0;2;0;0;1
1;60;2010;1;0;3;1;1;3;0;0;1
0;23;2010;0;0;3;2;0;1;1;0;0
0;22;2010;1;0;2;3;0;0;3;1;0
0;22;2010;1;0;1;4;0;3;0;0;1
0;25;2010;1;0;1;1;3;2;3;1;0
0;24;2010;1;0;0;2;3;2;3;1;0
1;24;2010;1;1;0;1;4;3;1;2;0
0;22;2010;1;0;0;3;1;1;1;1;0
1;23;2010;1;1;0;0;4;0;2;3;0
0;26;2010;1;0;0;0;2;0;3;2;0
0;18;2011;1;0;5;0;0;0;0;0;1
0;24;2011;0;0;5;0;0;1;0;0;0
0;21;2011;1;0;2;3;0;1;1;1;0
0;20;2011;1;1;1;1;3;0;1;4;0
0;21;2011;1;0;0;0;5;1;1;4;0
0;20;2011;1;1;1;2;2;0;1;4;0
0;29;2011;1;1;5;0;0;0;0;0;1
0;32;2011;1;1;0;2;3;1;1;4;0
0;26;2011;1;1;5;0;0;0;0;0;1
0;25;2011;1;1;1;2;2;2;0;2;0
0;27;2011;1;0;5;0;0;0;0;0;1
0;20;2011;1;0;0;3;2;4;2;0;0
1;24;2011;1;1;5;0;0;0;0;0;1
0;30;2011;1;1;2;1;1;0;0;2;0
0;21;2011;1;0;0;2;3;4;1;1;0
0;31;2011;1;0;4;1;0;0;1;1;0
0;20;2011;0;0;2;3;0;0;1;2;0
0;45;2011;1;1;2;1;2;0;2;2;0
1;31;2011;1;0;2;3;0;0;0;3;0
0;18;2011;1;1;2;2;1;0;1;2;0
0;19;2011;1;0;2;2;1;1;2;0;0
0;20;2011;1;0;2;2;1;0;1;2;0
0;18;2011;1;0;1;2;2;0;3;2;0
0;18;2011;1;0;4;1;0;1;0;0;1
0;20;2011;0;0;3;2;0;0;0;0;1
1;20;2011;1;1;2;2;1;0;1;2;0
0;23;2011;1;1;0;0;5;0;0;6;0
0;22;2011;1;1;0;2;3;0;1;5;0
0;20;2011;0;0;4;1;0;1;1;0;0
0;19;2011;1;0;5;0;0;0;0;0;0
0;19;2011;1;0;3;2;0;0;1;1;0
1;26;2011;0;0;2;1;2;0;0;0;1
1;42;2011;0;0;2;2;1;1;0;2;0
0;20;2011;1;0;2;3;0;1;0;2;0
0;26;2011;1;1;2;0;3;1;0;3;0
0;19;2011;1;0;5;0;0;0;0;0;1
0;19;2011;1;0;4;1;0;0;0;0;1
1;27;2011;1;0;3;1;1;0;0;2;0
1;20;2011;1;1;5;0;0;0;0;0;1
0;24;2011;1;1;1;2;2;0;3;2;0
1;32;2011;1;0;5;0;0;0;0;0;1
1;23;2011;1;0;5;0;0;0;0;0;1
0;24;2011;1;1;1;3;1;2;2;1;0
0;21;2011;1;0;5;0;0;0;0;0;1
0;17;2011;0;0;1;2;2;0;2;3;0
0;22;2011;1;0;5;0;0;0;0;0;1
0;25;2011;1;1;1;0;4;0;1;5;0
0;30;2011;1;1;4;1;0;0;0;3;0
0;51;2011;1;1;1;0;4;5;0;0;0
0;24;2011;1;0;0;1;4;3;1;2;0
0;33;2011;1;0;5;0;0;0;0;0;0
0;20;2011;0;0;3;2;0;1;0;2;0
0;18;2011;1;0;0;3;2;0;0;6;0
0;20;2011;1;0;5;0;0;0;0;0;1
0;27;2011;1;0;1;2;2;1;2;2;0
0;29;2011;1;0;4;1;0;0;0;0;1
0;24;2011;1;0;5;0;0;1;0;0;0
0;23;2011;1;0;0;5;0;0;3;3;0
0;21;2011;1;0;1;3;1;2;0;2;0
0;17;2011;1;0;5;0;0;0;0;0;1
0;18;2011;0;0;5;0;0;0;0;0;1
0;20;2011;1;0;5;0;0;1;0;0;0
0;22;2011;0;0;0;3;2;0;2;4;0
0;18;2011;1;0;0;2;3;1;2;3;0
0;21;2012;1;1;1;3;1;4;0;2;0
0;19;2012;1;1;2;1;2;1;1;2;0
0;26;2012;1;0;2;2;1;2;1;1;0
0;20;2012;1;1;2;1;2;2;0;4;0
0;21;2012;1;0;5;0;0;0;0;0;0
0;20;2012;0;0;0;2;2;2;1;2;0
0;24;2012;1;0;5;0;0;0;0;0;1
0;23;2012;1;0;2;1;1;3;0;0;0
1;24;2012;1;0;4;0;1;0;0;2;0
0;19;2012;1;0;0;4;1;2;2;2;0
0;19;2012;1;0;4;1;0;0;0;0;0
1;24;2012;1;0;5;0;0;0;0;0;1
1;26;2012;1;0;1;1;3;1;2;2;0
0;25;2012;1;0;1;2;2;1;1;4;0
0;21;2012;1;0;5;0;0;0;0;0;1
0;27;2012;1;1;5;0;0;0;0;0;1
1;28;2012;0;0;5;0;0;0;0;0;1
0;17;2012;1;0;5;0;0;0;0;0;1
0;40;2012;1;0;0;2;3;0;1;5;0
0;22;2012;1;0;1;1;3;0;3;3;0
1;19;2012;1;0;3;1;1;1;2;1;0
0;21;2012;1;1;3;1;1;1;1;1;0
0;22;2012;1;1;4;1;0;2;0;0;1
0;18;2012;0;0;3;1;1;1;0;2;0
0;18;2012;1;0;0;1;3;0;3;2;0
1;24;2012;1;0;5;0;0;0;0;0;0
0;26;2012;1;0;0;1;4;0;1;5;0
0;27;2012;1;1;2;3;0;4;0;0;0
0;23;2012;1;0;4;1;0;0;0;0;1
0;19;2012;0;0;5;0;0;0;0;0;1
0;23;2012;1;0;5;0;0;0;0;0;1
0;18;2012;0;0;1;4;0;0;1;2;0
0;38;2012;1;0;4;1;0;0;0;0;1
0;19;2012;1;1;0;2;3;0;2;4;0
0;33;2012;1;0;2;0;0;0;0;0;1
1;21;2012;1;0;0;1;4;0;1;5;1
0;27;2012;1;0;5;0;0;0;0;0;1
0;22;2012;1;0;5;0;0;1;0;0;1
0;23;2012;1;0;0;1;4;0;1;5;0
0;21;2012;0;0;5;0;0;0;0;0;1
0;22;2012;1;0;5;0;0;0;0;0;1
0;35;2012;1;1;0;4;1;1;2;3;0
0;21;2012;1;0;2;2;1;0;2;2;0
0;20;2012;1;0;2;2;1;0;2;2;0
0;20;2012;0;0;1;1;3;2;0;3;0
0;27;2012;1;1;0;0;1;0;2;2;0
0;22;2012;1;0;5;0;0;0;0;0;1
0;20;2012;1;1;3;1;1;3;0;0;0
0;21;2012;1;0;5;0;0;0;0;0;1
0;21;2012;1;0;5;0;0;0;0;0;1
0;37;2012;1;0;0;2;3;0;2;4;0
0;35;2012;1;0;5;0;0;0;0;0;1
0;21;2012;1;0;4;1;0;1;0;0;0
0;22;2012;1;0;2;1;1;0;0;2;0
0;19;2012;1;0;4;1;0;1;0;1;0
0;21;2012;1;1;0;4;1;0;3;3;0
0;19;2012;1;0;1;1;3;1;2;3;0
1;28;2012;1;0;5;0;0;0;0;0;0
1;25;2012;1;0;5;0;0;0;0;0;1
0;63;2013;0;0;5;0;0;0;0;0;1
0;27;2013;0;1;2;2;1;1;0;2;0
1;21;2013;1;0;4;0;1;0;1;1;0
1;20;2013;1;0;5;0;0;0;0;0;0
0;18;2013;0;0;5;0;0;0;0;0;1
0;19;2013;1;0;5;0;0;0;0;1;0
0;28;2013;1;0;3;2;0;3;0;0;1
0;21;2013;1;0;5;0;0;0;0;0;1
0;22;2013;1;0;1;3;1;3;0;2;0
0;26;2013;0;0;5;0;0;0;0;0;1
1;19;2013;1;0;3;2;0;1;0;1;0
0;20;2013;1;0;5;0;0;0;0;0;1
0;18;2011;0;0;0;0;1;0;0;2;0
0;31;2013;1;0;2;1;0;2;0;1;0
0;21;2013;1;0;5;0;0;0;0;0;1
0;28;2013;1;1;1;2;1;1;0;2;0
0;20;2013;0;0;3;1;1;2;0;0;0
0;21;2013;1;0;0;0;3;0;1;5;0
0;20;2013;1;0;0;1;4;0;0;4;0
0;41;2013;1;0;0;0;5;0;2;3;0
0;28;2013;0;0;5;0;0;0;0;0;1
0;25;2013;1;1;4;0;1;1;0;1;1
0;24;2013;1;0;5;0;0;0;0;0;1
0;18;2013;1;0;3;2;0;2;0;0;1
1;21;2013;0;0;2;2;1;2;1;0;0
1;30;2013;1;0;4;0;0;0;0;0;1
0;22;2013;1;1;0;2;3;0;3;3;0
0;18;2013;0;0;4;1;0;0;0;0;1
1;20;2013;0;0;5;0;0;0;0;0;1
0;19;2013;1;0;5;0;0;0;0;0;1
0;28;2013;1;0;5;0;0;0;0;0;0
1;27;2013;0;0;5;0;0;0;0;0;0
0;23;2013;0;0;2;0;3;0;1;3;0
0;22;2013;0;0;2;0;3;0;2;3;0
0;21;2013;0;0;3;2;0;1;0;0;0
0;19;2013;0;0;0;2;3;3;1;2;0
0;20;2013;1;0;2;3;0;3;0;1;0
0;28;2013;1;0;3;2;0;0;1;1;0
0;32;2013;0;0;2;3;0;1;0;2;0
0;19;2013;0;0;3;2;0;0;2;1;0
0;18;2013;1;0;4;1;0;2;0;0;1
0;20;2013;0;0;3;1;1;2;0;0;1
0;24;2013;0;0;3;0;2;0;1;2;0
0;20;2013;1;1;1;4;0;2;1;2;0
1;27;2013;1;0;4;1;0;0;1;1;0
1;26;2013;1;0;5;0;0;0;0;0;0
1;24;2013;1;0;3;1;1;0;1;1;0
1;46;2013;1;0;5;0;0;0;0;0;1
0;32;2013;1;1;0;1;4;0;1;5;0
0;17;2013;1;0;5;0;0;0;0;0;1
0;17;2013;1;0;0;3;2;2;1;3;0
0;21;2013;1;0;5;0;0;0;0;0;1
0;20;2013;1;0;3;1;1;0;0;2;0
1;27;2013;1;0;5;0;0;0;0;0;1
0;33;2013;1;0;4;1;0;0;0;0;0
0;21;2013;1;0;5;0;0;0;0;0;1
0;19;2013;1;1;2;3;0;0;1;2;0
0;20;2013;1;1;2;1;2;1;1;1;0
0;19;2013;1;0;5;0;0;0;0;0;1
0;23;2013;0;0;1;1;3;3;0;2;0
1;31;2013;0;0;1;1;2;1;0;2;0
0;18;2013;1;0;5;0;0;0;0;0;1
0;21;2013;1;1;5;0;0;0;0;0;1
0;24;2013;1;1;2;1;1;1;1;0;1
0;23;2013;1;1;4;0;1;2;0;0;1
0;20;2013;1;0;5;0;0;0;0;0;1
0;20;2013;0;0;5;0;0;0;0;0;1
0;22;2013;1;0;4;1;0;0;0;0;0
0;22;2013;0;0;5;0;0;0;0;0;1
0;19;2013;1;0;4;1;0;0;1;1;0
0;19;2013;1;0;4;1;0;0;0;1;0
0;32;2013;1;1;5;0;0;0;0;0;1
0;21;2013;1;0;2;2;1;1;1;1;0
0;35;2013;1;0;3;0;2;2;0;0;0
0;30;2013;1;0;5;0;0;0;0;0;1
0;31;2013;1;0;5;0;0;0;0;0;1
1;17;2013;1;0;3;2;0;2;0;0;0
0;21;2013;1;0;5;0;0;0;0;0;1
0;39;2013;1;0;5;0;0;0;0;0;1
0;19;2013;0;0;5;0;0;0;0;0;1
0;18;2013;1;1;3;2;0;2;0;0;1
0;19;2013;1;1;3;2;0;1;0;1;0
0;19;2013;1;0;3;2;0;1;2;0;0
0;21;2013;1;0;2;3;0;0;1;2;0
0;24;2013;1;0;5;0;0;0;0;0;1
0;20;2013;0;0;5;0;0;0;0;0;1
0;33;2013;1;0;5;0;0;0;0;0;1
0;19;2013;0;0;5;0;0;0;0;0;0
0;26;2013;1;1;5;0;0;0;0;0;0
0;17;2013;1;0;5;0;0;0;0;0;1
1;43;2013;1;0;5;0;0;0;0;0;0
0;24;2013;1;0;1;1;3;0;1;4;0
0;24;2013;1;0;5;0;0;0;0;0;1
0;37;2013;1;0;5;0;0;0;0;0;1
0;28;2013;1;0;5;0;0;0;0;0;1
0;22;2013;1;0;4;0;0;0;0;0;1
0;21;2013;1;0;5;0;0;0;0;0;1
0;45;2013;1;0;1;3;1;2;2;1;0
0;20;2013;1;0;5;0;0;0;0;0;1
0;24;2013;1;0;5;0;0;0;0;0;0
0;30;2013;1;0;5;0;0;0;0;0;1
0;24;2013;1;0;5;0;0;0;0;0;1
0;18;2013;1;0;5;0;0;0;0;0;1
0;50;2013;1;0;5;0;0;0;0;1;0
0;22;2013;1;0;3;1;1;2;0;0;0
0;20;2013;1;0;5;0;0;0;0;0;0
0;28;2013;0;0;2;3;0;0;1;1;0
0;32;2013;1;0;4;1;0;0;0;0;1
0;22;2013;1;1;4;1;0;2;0;0;0
0;24;2013;1;1;5;0;0;0;0;0;1
0;28;2013;1;0;0;2;0;3;0;1;0
0;21;2013;0;0;5;0;0;0;0;0;1
0;22;2013;1;0;5;0;0;0;0;0;0
0;31;2013;1;0;5;0;0;0;0;0;1
0;24;2013;1;0;5;0;0;0;0;0;1
0;27;2013;1;0;4;0;1;0;0;0;1
0;17;2013;1;0;5;0;0;0;0;0;1
0;20;2013;0;0;1;4;0;2;0;2;0
0;37;2013;1;0;3;2;0;2;0;1;0
0;54;2013;1;0;5;0;0;0;0;0;1
0;34;2013;1;0;5;0;0;0;0;0;1
0;20;2013;1;0;5;0;0;0;0;0;1
0;29;2013;1;0;5;0;0;0;0;0;1
0;22;2013;1;0;5;0;0;0;0;0;1
1;31;2013;0;0;3;2;0;2;0;0;0
0;46;2013;1;0;5;0;0;0;0;0;1
0;22;2013;1;1;4;1;0;2;0;0;1
0;21;2013;1;1;5;0;0;0;0;0;1
0;33;2013;1;0;1;4;0;2;1;2;0
0;42;2013;1;0;4;1;0;2;0;0;0
1;39;2013;1;0;5;0;0;0;0;0;1
0;17;2013;0;0;4;1;0;1;0;0;0
1;34;2013;1;0;3;0;0;0;0;0;1
1;25;2013;1;0;2;3;0;0;1;4;0
0;21;2013;1;0;5;0;0;0;0;0;1
1;19;2013;1;1;2;3;0;1;0;2;0
0;24;2013;1;1;0;0;1;4;0;0;1
0;20;2013;1;1;5;0;0;0;0;0;1
0;18;2013;0;0;3;2;0;1;0;1;0
0;17;2013;1;0;5;0;0;0;0;0;1
0;19;2013;1;0;5;0;0;0;0;0;1
1;19;2013;0;0;3;2;0;2;0;0;0
0;17;2013;1;0;4;1;0;0;1;1;1
0;18;2013;1;0;3;1;1;2;0;0;1
0;17;2013;1;0;5;0;0;0;0;0;0
0;17;2013;1;0;1;3;1;2;1;2;0
0;26;2014;1;1;2;1;2;0;1;4;0
0;32;2014;1;0;5;0;0;0;0;0;1
0;27;2014;0;0;3;0;2;1;1;2;0
0;24;2014;1;0;5;0;0;0;0;0;1
0;25;2014;1;0;3;1;1;0;1;1;0
0;21;2014;1;0;1;2;2;4;0;0;0
1;37;2014;1;0;5;0;0;0;0;0;1
0;33;2014;1;0;4;1;0;2;0;0;1
0;24;2014;1;0;5;0;0;0;0;0;1
0;28;2014;1;0;2;1;2;0;0;0;1
0;37;2014;1;0;4;1;0;0;0;0;0
0;27;2014;1;0;4;1;0;4;0;0;1
0;43;2014;1;0;4;0;1;1;0;1;0
0;18;2014;1;0;5;0;0;0;0;0;1
0;19;2014;1;0;5;0;0;0;0;0;1
0;25;2014;1;0;4;1;0;0;0;0;0
0;17;2014;1;0;5;0;0;0;0;0;1
0;23;2014;1;0;5;0;0;0;0;0;1
0;30;2014;1;1;3;2;0;2;0;0;0
0;24;2014;0;0;5;0;0;0;0;0;0
0;42;2014;1;1;2;3;0;1;1;1;0
0;18;2014;1;0;5;0;0;0;0;0;1
0;41;2014;1;1;4;1;0;0;0;0;1
0;30;2014;1;0;4;0;1;3;0;1;0
0;39;2014;1;0;5;0;0;0;0;0;1
0;21;2014;1;1;5;0;0;0;0;0;1
0;22;2014;1;1;4;1;0;1;0;0;0
1;21;2014;1;1;5;0;0;0;0;0;0
0;32;2014;0;0;5;0;0;0;0;0;1
0;31;2014;1;1;5;0;0;0;0;0;1
0;24;2014;1;0;0;2;3;3;2;1;0
0;17;2014;0;0;5;0;0;1;0;0;0
0;19;2014;1;0;5;0;0;0;0;0;1
1;26;2014;1;1;5;0;0;0;0;0;1
0;26;2014;1;0;5;0;0;0;0;0;1
0;23;2014;1;0;5;0;0;0;0;0;1
0;27;2014;1;1;2;3;0;3;1;0;0
0;27;2014;0;0;5;0;0;0;0;0;1
0;21;2014;1;0;5;0;0;0;0;0;1
0;18;2014;1;0;5;0;0;0;0;0;1
0;19;2014;1;0;5;0;0;0;0;0;1
1;21;2014;1;0;5;0;0;0;0;0;1
0;34;2014;1;0;5;0;0;0;0;0;1
1;20;2014;1;0;5;0;0;0;0;0;1
0;27;2014;1;0;3;0;0;0;0;0;1
0;26;2014;1;0;0;3;1;3;0;1;1
0;19;2014;1;1;1;3;1;5;0;0;0
0;25;2014;0;0;0;2;3;0;3;3;0
0;19;2014;1;0;2;2;1;1;0;2;0
0;26;2014;0;0;5;0;0;0;0;0;1
0;22;2014;0;0;0;1;4;3;0;3;0
1;25;2014;1;0;5;0;0;0;0;0;1
0;18;2014;1;0;4;1;0;1;0;0;1
0;20;2014;1;0;5;0;0;0;0;0;1
0;22;2014;1;0;5;0;0;0;0;0;1
0;22;2014;0;0;4;1;0;1;1;0;0
0;17;2014;0;0;5;0;0;0;0;0;0
0;19;2014;1;1;5;0;0;0;0;0;1
0;19;2014;1;0;5;0;0;0;0;0;1
0;20;2014;0;0;5;0;0;0;0;0;1
0;20;2014;1;0;5;0;0;0;0;0;1
0;19;2014;1;0;5;0;0;0;0;0;1
0;28;2014;1;1;5;0;0;0;0;0;1
0;36;2014;1;1;2;1;2;0;0;0;1
1;20;2014;1;0;5;0;0;0;0;0;1
0;22;2014;0;0;3;2;0;1;0;1;0
0;18;2014;0;0;5;0;0;0;0;0;0
0;21;2014;1;1;5;0;0;0;0;0;1
0;23;2014;1;0;5;0;0;0;0;0;1
0;28;2014;1;1;0;0;5;0;2;4;0
0;27;2014;1;0;5;0;0;0;0;0;0
0;23;2014;1;1;0;4;1;1;3;2;0
0;24;2014;1;1;5;0;0;0;0;0;1
0;23;2014;1;0;5;0;0;0;0;0;1
0;26;2014;1;0;2;2;1;3;0;0;1
0;29;2014;1;1;5;0;0;0;0;0;1
1;35;2014;1;0;5;0;0;0;0;0;1
0;25;2014;0;0;5;0;0;0;0;0;1
0;20;2014;1;0;5;0;0;0;0;0;1
0;19;2014;1;0;5;0;0;0;0;0;1
0;22;2014;1;0;4;1;0;1;0;1;0
0;26;2014;1;1;3;1;1;3;0;0;1
1;17;2014;1;0;5;0;0;0;0;0;1
0;20;2014;1;0;2;3;0;1;1;1;0
0;22;2014;1;0;5;0;0;0;0;0;1
0;18;2014;1;0;5;0;0;0;0;0;0
0;23;2014;1;0;5;0;0;0;0;0;0
0;27;2014;1;1;0;1;4;0;3;3;0
0;34;2014;1;1;5;0;0;0;0;0;1
0;27;2014;1;0;2;0;0;2;0;0;0
0;25;2014;0;0;4;1;0;0;0;0;1
0;26;2014;1;1;5;0;0;0;0;0;1
1;22;2014;1;1;5;0;0;0;0;0;1
1;40;2014;1;0;5;0;0;0;0;0;1
0;24;2014;1;0;4;1;0;1;0;0;1
0;19;2014;1;0;2;2;1;0;0;3;0
1;23;2014;1;0;4;0;0;0;0;0;1
0;23;2014;1;1;1;2;2;4;0;1;0
0;18;2014;1;0;2;2;1;1;0;2;0
0;20;2014;1;0;5;0;0;0;0;0;1
0;19;2014;1;0;5;0;0;0;0;0;0
0;23;2014;1;0;5;0;0;0;0;0;1
0;29;2014;1;1;5;0;0;0;0;0;1
0;19;2014;1;1;3;2;0;1;0;1;0
0;20;2014;1;0;5;0;0;0;0;0;0
0;19;2014;1;0;4;0;1;0;0;0;1
0;21;2014;0;0;4;1;0;0;0;1;0
0;19;2014;1;1;0;4;1;3;0;3;0
0;18;2014;1;0;4;1;0;0;0;1;0
0;27;2014;1;0;2;2;1;2;0;1;0
0;22;2014;0;0;5;0;0;0;0;0;0
0;22;2014;0;0;5;0;0;0;0;0;1
0;22;2014;1;0;5;0;0;0;0;0;1
1;21;2014;1;0;5;0;0;0;0;0;1
0;18;2014;1;0;0;3;2;3;1;2;0
0;19;2014;0;0;3;2;0;3;0;0;1
0;22;2014;1;1;1;2;2;1;1;3;0
1;26;2014;1;0;5;0;0;0;0;0;1
1;40;2014;1;1;5;0;0;0;0;0;1
0;34;2014;1;0;0;3;2;3;2;1;0
0;20;2014;1;1;2;2;1;0;1;2;0
0;21;2014;0;0;2;3;0;0;1;2;0
0;18;2014;1;0;0;4;1;3;1;2;0
0;24;2014;1;0;2;2;1;2;1;1;1
1;18;2014;1;0;2;3;0;1;1;1;0
0;18;2014;1;0;0;3;2;1;0;3;0
0;25;2014;1;0;5;0;0;0;0;0;1
0;20;2014;1;1;5;0;0;0;0;0;1
0;19;2014;1;1;5;0;0;0;0;0;1
0;22;2014;1;0;5;0;0;0;0;0;1
0;20;2014;1;0;2;1;2;0;1;2;0
0;17;2014;1;0;5;0;0;0;0;0;1
0;35;2014;1;0;5;0;0;0;0;0;1
0;21;2014;1;0;3;2;0;1;0;1;0
0;19;2014;1;0;5;0;0;0;0;0;1
0;19;2014;1;1;1;3;1;1;2;1;0
0;21;2014;1;1;2;3;0;1;1;0;0
0;18;2014;0;0;2;1;2;0;0;3;0
0;24;2014;1;0;2;1;2;5;0;0;1
0;21;2014;1;0;3;1;1;0;0;0;1
0;21;2014;0;0;5;0;0;0;0;0;1
0;18;2014;0;0;0;3;2;0;3;3;0
0;18;2014;0;0;5;0;0;0;0;0;1
1;18;2014;0;0;5;0;0;0;0;0;1
0;17;2014;1;0;5;0;0;0;0;1;0
0;24;2014;1;1;5;0;0;0;0;0;1
0;30;2014;1;0;4;0;1;2;0;1;0
0;18;2014;0;0;4;1;0;0;0;1;0
0;18;2014;1;0;5;0;0;0;0;0;1
1;18;2014;1;0;5;0;0;0;0;0;1
0;39;2014;1;0;5;0;0;0;0;0;1
0;18;2014;0;0;2;2;1;0;1;2;0
0;19;2014;1;0;3;2;0;2;0;0;0
0;21;2014;1;0;5;0;0;0;0;0;1
1;24;2014;1;0;1;1;1;1;1;1;0
0;24;2014;1;1;1;2;1;1;1;1;0
0;23;2014;0;0;3;0;0;0;0;1;0
0;24;2015;0;0;2;2;1;0;0;3;0
0;21;2015;0;0;0;0;5;1;3;2;0
0;30;2015;1;1;0;1;4;0;1;5;0
0;25;2015;1;1;5;0;0;0;0;0;1
0;26;2015;0;0;4;0;1;3;0;0;0
0;42;2015;1;0;2;0;3;0;1;2;0
0;22;2015;1;0;5;0;0;0;0;0;1
0;24;2015;1;1;1;0;4;1;1;4;0
0;25;2015;0;0;1;4;0;3;0;2;0
0;26;2015;0;0;0;1;3;1;1;3;0
0;27;2015;1;1;1;2;2;0;0;0;1
0;26;2015;1;1;2;2;1;0;0;0;1
0;25;2015;0;0;4;0;1;0;0;2;0
0;18;2015;1;0;1;2;2;0;0;4;0
0;31;2015;1;1;1;3;1;2;0;3;0
0;24;2015;1;0;3;1;1;2;0;1;0
0;21;2015;1;1;3;0;2;1;0;2;0
0;20;2015;1;0;3;1;1;0;0;0;1
0;21;2015;1;0;3;1;1;3;0;0;0
0;32;2015;1;0;5;0;0;0;0;0;0
0;27;2015;1;0;4;0;1;0;0;0;1
0;18;2015;1;0;2;1;2;0;0;3;0
0;19;2015;1;1;3;1;1;1;0;2;0
0;19;2015;1;0;3;2;0;3;0;0;1
1;25;2015;1;0;3;0;2;0;3;1;0
0;19;2015;1;1;5;0;0;0;0;0;1
0;19;2015;1;0;5;0;0;0;0;0;1
0;22;2015;1;0;1;2;2;3;0;2;0
0;25;2015;1;0;3;2;0;0;1;2;0
0;21;2015;0;0;2;0;3;1;0;2;0
1;20;2015;1;0;4;1;0;1;0;0;0
0;19;2015;1;0;2;1;2;0;0;3;0
0;30;2015;0;0;5;0;0;0;0;0;1
0;19;2015;1;0;3;1;1;1;0;2;0
0;30;2015;1;1;5;0;0;0;0;0;1
0;21;2015;1;0;5;0;0;0;0;0;1
0;55;2015;1;1;5;0;0;0;0;0;1
0;18;2015;0;0;2;1;2;1;0;2;0
0;27;2015;0;0;0;3;2;0;2;4;0
0;19;2015;0;0;4;0;1;0;0;0;1
0;29;2015;1;1;0;2;2;1;2;2;0
0;29;2015;1;1;1;0;1;4;0;0;1
0;17;2015;1;0;3;2;0;1;1;1;0
0;30;2015;1;0;2;2;1;1;0;2;0
0;20;2015;0;0;4;0;1;0;0;0;1
0;19;2015;0;0;5;0;0;0;0;0;1
0;18;2015;1;0;1;2;2;0;1;3;0
0;19;2015;1;1;4;0;1;0;0;0;0
0;24;2015;0;0;5;0;0;0;0;0;1
0;19;2015;1;0;2;2;1;3;0;0;0
0;26;2015;0;0;0;0;5;0;2;4;0
0;18;2015;1;0;3;2;0;3;0;0;0
1;27;2016;0;0;4;1;0;1;0;1;0
0;22;2016;1;0;0;3;1;1;1;3;0
0;25;2016;1;0;2;2;0;0;1;1;1
0;28;2016;1;0;4;0;0;0;0;0;1
1;30;2016;1;0;0;0;1;1;0;3;0
0;27;2016;1;0;3;0;1;3;1;1;0
0;29;2016;0;0;0;0;2;1;0;3;0
1;27;2016;0;0;4;0;1;1;0;1;0
1;20;2016;0;0;3;0;2;2;0;0;0
0;21;2016;1;0;3;1;1;0;1;1;0
0;20;2016;1;1;5;0;0;0;0;0;1
0;23;2016;1;0;4;1;0;2;0;0;1
0;25;2016;1;0;1;1;3;1;1;3;0
0;19;2016;0;0;3;1;1;4;0;0;1
0;24;2016;1;1;2;1;2;3;0;0;0
0;26;2016;1;0;3;2;0;2;0;0;0
0;56;2016;0;0;5;0;0;0;0;0;1
0;22;2016;0;0;0;3;1;1;2;2;1
0;47;2016;1;1;0;1;4;6;0;0;1
0;26;2016;1;0;0;2;3;1;3;2;0
0;31;2016;1;0;0;1;4;1;2;3;0
0;17;2016;1;0;2;2;1;0;1;1;0
0;18;2016;1;0;3;1;1;0;2;1;0
0;22;2016;1;0;4;0;1;0;0;0;1
0;22;2016;0;0;4;0;1;1;0;1;0
1;29;2016;0;0;0;0;5;1;0;5;0
0;25;2016;1;0;5;0;0;0;0;0;1
0;30;2016;1;0;4;1;0;0;0;1;0
0;18;2016;1;0;2;1;2;0;1;2;0
0;18;2016;0;0;3;1;1;1;1;0;0
0;30;2016;1;0;4;0;1;0;0;0;1
0;19;2016;1;0;2;2;1;0;1;2;0
0;20;2016;1;0;4;1;0;1;0;1;0
0;19;2016;1;1;2;1;2;0;1;2;0
0;18;2016;0;0;1;4;0;4;0;0;0
0;19;2016;0;0;3;2;0;1;1;1;0
0;27;2016;1;0;4;0;1;0;0;0;1
0;19;2016;1;0;5;0;0;0;0;0;1
0;17;2016;0;0;0;3;2;2;1;3;0
0;20;2016;1;1;4;0;1;0;0;0;1
0;22;2016;1;0;4;1;0;1;0;0;0
0;18;2016;0;1;4;0;1;0;0;0;1
0;24;2016;0;0;1;3;0;4;0;0;1
0;21;2016;1;1;1;4;0;0;0;4;0
0;17;2016;1;0;5;0;0;0;0;0;1
0;24;2016;1;1;2;0;0;0;0;0;1
0;18;2016;0;0;3;1;1;0;1;1;0
0;26;2016;1;1;3;2;0;0;0;3;0
0;25;2016;1;0;3;2;0;0;0;3;0
0;26;2016;1;0;3;2;0;1;0;2;0
0;21;2016;1;0;3;1;1;0;1;2;0
0;21;2016;0;0;1;1;3;1;1;2;0
0;23;2016;0;0;2;1;2;0;0;3;0
0;24;2016;1;0;3;2;0;3;0;0;0
0;27;2016;1;1;5;0;0;0;0;0;1
0;17;2016;0;0;1;3;1;1;0;3;0
1;22;2016;0;0;4;1;0;1;0;0;0
0;25;2016;0;0;4;0;1;2;0;0;1
0;21;2016;1;0;3;2;0;0;0;0;0
0;18;2016;1;0;1;3;1;2;0;2;0
0;19;2016;1;0;5;0;0;0;0;0;1
0;22;2016;0;0;1;1;2;1;0;2;0
0;23;2016;0;0;5;0;0;0;0;0;1
0;18;2016;1;1;5;0;0;0;0;0;1
0;26;2016;1;1;3;1;1;1;0;2;0
0;25;2016;1;0;5;0;0;0;0;0;1
1;26;2016;1;0;4;0;1;0;0;0;1
0;22;2016;1;1;5;0;0;0;0;0;0
0;19;2016;1;1;5;0;0;0;0;0;1
0;20;2016;1;0;5;0;0;0;0;0;0
0;25;2016;1;0;5;0;0;0;0;0;1
0;31;2016;0;0;0;4;1;2;2;2;0
0;23;2016;0;0;1;1;3;1;0;3;0
0;29;2016;1;0;5;0;0;0;0;0;0
0;19;2016;1;1;3;0;2;0;0;0;0
0;22;2016;1;0;5;0;0;0;0;0;0
1;19;2016;1;0;5;0;0;0;0;0;1
0;20;2016;1;1;2;2;1;2;0;1;0
0;20;2016;1;1;5;0;0;0;0;0;0
0;18;2016;0;0;5;0;0;0;0;0;1
0;20;2016;0;0;5;0;0;0;0;0;0
0;22;2016;1;1;0;4;0;2;1;1;0
0;19;2017;1;0;0;0;5;0;3;3;0
0;19;2017;1;0;1;1;3;1;1;2;0
1;21;2017;1;1;1;2;2;3;0;2;0
0;20;2017;1;1;0;1;4;2;2;2;0
0;23;2017;0;0;4;0;0;0;0;0;1
0;21;2017;1;1;0;1;2;2;1;2;0
0;26;2017;1;0;2;0;1;2;0;0;1
0;21;2017;0;0;4;0;1;0;0;0;1
0;21;2017;0;0;2;1;2;1;0;0;1
0;28;2017;1;1;1;0;1;1;1;1;0
0;22;2017;0;0;3;1;0;1;0;1;0
0;22;2017;1;0;0;1;3;1;1;3;0
0;27;2017;1;0;0;2;2;5;0;0;0
0;18;2017;1;0;5;0;0;0;0;0;0
0;20;2017;1;0;0;2;3;2;3;1;0
0;19;2017;0;0;2;1;2;2;1;1;0
0;22;2017;0;0;0;2;3;3;1;2;0
0;19;2017;1;0;1;3;1;5;0;0;0
0;25;2017;0;0;0;1;4;0;3;3;0
1;24;2017;1;0;1;3;1;0;3;1;0
0;24;2017;1;0;4;0;1;1;0;1;0
0;25;2017;1;1;3;0;2;1;2;2;0
0;19;2017;0;0;2;2;1;2;0;0;1
0;23;2017;1;0;2;2;1;3;0;0;0
0;18;2017;1;0;5;0;0;0;0;0;0
0;26;2017;0;0;1;2;2;2;1;2;0
0;20;2017;1;0;4;0;1;0;1;0;0
0;24;2017;1;0;1;2;2;2;1;2;0
0;17;2017;0;0;3;1;1;1;2;0;0
0;18;2017;1;0;3;1;1;3;0;0;0
0;21;2017;1;1;2;2;1;2;0;2;0
0;27;2017;1;0;4;1;0;0;2;1;0
0;31;2017;1;0;3;1;1;1;1;1;0
0;23;2017;1;0;5;0;0;0;0;0;1
0;30;2017;1;1;5;0;0;0;0;0;0
1;25;2017;1;1;2;2;1;1;1;2;0
0;35;2017;0;0;3;1;1;0;1;1;0
1;23;2017;1;0;3;1;1;1;1;1;0
0;53;2017;1;0;3;0;2;3;0;0;1
0;18;2017;1;0;4;0;1;0;0;0;1
0;22;2017;1;0;3;1;1;0;1;1;0
1;27;2017;1;0;5;0;0;1;0;0;0
0;28;2017;1;0;5;0;0;0;0;0;1
0;19;2017;1;1;5;0;0;0;0;0;1
0;19;2017;1;1;4;0;1;2;0;0;0
0;20;2017;1;1;5;0;0;0;0;0;0
0;18;2017;0;1;5;0;0;0;0;0;0
1;25;2017;0;0;5;0;0;0;0;0;1
0;20;2017;1;0;2;2;1;1;1;1;0
0;36;2017;0;0;0;0;5;1;3;2;0
0;17;2017;1;0;4;0;1;0;0;0;1
0;21;2017;0;1;5;0;0;0;0;0;1
0;33;2017;1;0;3;1;1;1;0;2;0
0;17;2017;1;0;4;0;1;0;0;0;0
0;19;2017;1;0;2;1;2;1;1;1;0
0;12;2017;0;0;5;0;0;0;0;0;1
1;28;2017;1;0;2;2;1;1;2;1;0
0;19;2017;1;0;3;0;2;0;1;2;0
0;19;2017;1;1;3;1;1;0;0;0;0
0;19;2017;1;0;0;1;4;0;4;2;0
0;22;2017;1;0;0;2;3;3;2;1;0
0;19;2017;1;1;5;0;0;0;0;0;1
1;18;2017;1;1;4;0;1;0;0;0;0
0;19;2017;1;0;5;0;0;0;0;0;1
0;18;2013;1;0;0;4;0;0;0;0;0
0;19;2017;0;0;4;0;1;2;0;0;0
0;19;2017;1;0;4;0;1;0;0;0;0
0;20;2017;0;0;3;1;1;1;1;1;0
0;17;2017;0;0;2;1;2;0;1;2;0
0;22;2015;0;0;0;5;0;0;6;0;1
0;25;2017;1;0;5;0;0;0;0;0;1
0;21;2017;1;0;4;0;1;0;0;0;1
0;22;2015;0;0;5;0;0;0;0;0;1
0;33;2015;1;1;5;0;0;0;0;0;1
0;21;2016;0;0;5;0;0;0;0;0;1
0;19;2017;1;0;5;0;0;0;0;0;1
